carat,cut,color,clarity,depth,table,price,x,y,z
0.7,Ideal,D,VS2,62.4,57,2867,5.68,5.61,3.52
0.53,Ideal,F,VVS2,62.1,56,2175,5.15,5.22,3.22
0.51,Good,G,VVS2,58.1,62,1813,5.24,5.3,3.06
1.52,Fair,H,SI2,64.9,58,6129,7.16,7.13,4.64
0.36,Ideal,D,VVS2,62,54,1033,4.57,4.63,2.85
0.4,Good,F,VS2,63.4,54.4,826,4.68,4.73,2.99
0.4,Ideal,F,VVS2,61.1,57,972,4.73,4.8,2.91
1.2,Premium,E,VVS2,62.1,58,11301,6.76,6.7,4.18
0.4,Ideal,E,SI1,60.6,56,772,4.77,4.78,2.9
1.01,Very Good,I,SI2,63.7,56,4047,6.33,6.38,4.05
0.83,Very Good,F,SI1,61.9,58,3322,5.97,6.01,3.71
1.06,Ideal,E,SI1,59.6,54,5250,6.64,6.62,3.95
1,Ideal,D,SI1,60.5,57,5880,6.52,6.48,3.93
0.84,Premium,D,VS1,60.6,57,4365,6.15,6.06,3.7
1.01,Very Good,E,VVS2,61.5,58,9002,6.4,6.44,3.95
1.12,Premium,I,VS2,62.4,58,4321,6.63,6.59,4.13
1.5,Very Good,J,VS1,62.2,58,8014,7.19,7.27,4.5
1,Fair,J,VS1,65.5,55,2875,6.3,6.25,4.11
1,Premium,J,VS1,62.8,57,4032,6.39,6.35,4
1.01,Good,E,SI1,63.7,58,5226,6.36,6.32,4.04
0.68,Very Good,G,VS1,60.7,58,2114,5.68,5.75,3.47
0.55,Ideal,G,IF,61.1,57,2383,5.26,5.31,3.23
0.56,Ideal,E,VVS2,60.9,56,2696,5.4,5.33,3.27
1.08,Premium,I,SI2,60.1,59,3750,6.75,6.69,4.04
0.57,Premium,E,SI2,62.5,54,1058,5.35,5.3,3.33
0.3,Premium,E,VVS2,61.4,59,789,4.32,4.34,2.66
0.56,Ideal,G,VVS2,61.6,56,1976,5.29,5.32,3.27
0.5,Premium,G,I1,62.2,59,1020,5.07,5.03,3.14
1.27,Ideal,J,VS1,62,57,5008,6.96,6.92,4.3
0.39,Ideal,F,VS1,61.9,55.2,939,4.66,4.7,2.89
0.7,Fair,I,SI1,65,56,1720,5.6,5.5,3.61
1.07,Premium,F,SI2,61.7,58,4366,6.55,6.58,4.05
0.39,Very Good,I,VS2,59.6,57,712,4.77,4.82,2.86
1.01,Ideal,G,SI2,61.7,56,4260,6.47,6.43,3.98
2.05,Very Good,J,VS1,61.4,58.5,16641,8.13,8.16,5
0.7,Very Good,G,VVS2,63.4,59,2905,5.62,5.64,3.57
0.3,Ideal,D,SI1,61.6,57,709,4.32,4.28,2.65
0.3,Good,D,VS2,63.5,53,616,4.3,4.33,2.74
2.01,Premium,I,SI1,62.4,61,15528,8.01,7.99,4.99
1.1,Premium,G,SI2,63,59,3696,6.5,6.47,0
2,Premium,J,VS2,60.8,62,13162,8.12,8.09,4.93
1.39,Ideal,J,VS2,60.3,57,6366,7.26,7.24,4.37
0.35,Ideal,F,VVS2,61.9,54,795,4.55,4.59,2.83
0.56,Very Good,E,SI1,62.8,57.6,1659,5.26,5.31,3.32
0.3,Ideal,D,VVS1,61.3,57,1000,4.29,4.32,2.64
1.51,Ideal,E,SI2,62.9,57,9513,7.29,7.23,4.57
0.5,Premium,E,VS2,61.3,60,1624,5.07,5.11,3.12
1.5,Good,D,SI1,63.4,63,9718,7.19,7.23,4.57
1.01,Premium,H,VS1,61.2,61,5294,6.44,6.41,3.93
0.78,Ideal,G,SI1,62.8,56,2583,5.88,5.84,3.68
0.51,Ideal,D,VS1,62.5,57,1779,5.08,5.13,3.19
0.32,Premium,G,VS2,62,58,720,4.38,4.33,2.7
0.33,Ideal,J,VS1,62.1,55,434,4.41,4.44,2.75
0.77,Ideal,F,VS1,62.1,57,3387,5.88,5.84,3.64
1.26,Ideal,E,VVS2,61.1,57,14429,7,6.98,4.27
1.31,Ideal,H,SI2,62.2,57,6602,7,6.96,4.34
1.01,Premium,E,SI1,62.4,58,4399,6.37,6.42,3.99
1.17,Ideal,H,SI2,62.4,53,5423,6.74,6.76,4.21
1,Very Good,F,SI2,63.3,58,4269,6.26,6.29,3.97
0.36,Ideal,G,IF,62,57,1006,4.54,4.58,2.82
0.34,Premium,G,VS2,61.2,62,765,4.48,4.44,2.73
0.4,Ideal,F,SI2,62.1,53,597,4.76,4.78,2.96
1.02,Premium,H,VS2,61,60,4958,6.5,6.46,3.95
0.35,Ideal,E,VS1,61.1,55,773,4.56,4.58,2.79
0.32,Very Good,G,VVS2,60.9,61,730,4.39,4.41,2.68
0.51,Fair,F,SI1,65.2,57,1193,5.03,5.09,3.3
0.31,Very Good,I,VS2,59.3,59,406,4.38,4.42,2.61
0.91,Premium,G,SI1,62.5,56,3262,6.3,6.18,3.9
0.38,Premium,G,VVS1,61.3,57,1064,4.68,4.62,2.85
0.5,Very Good,G,VS1,61.3,58,1592,5.03,5.09,3.1
0.5,Ideal,F,VS2,62.4,56,1404,5.1,5.13,3.19
0.32,Ideal,G,IF,62.2,53,918,4.41,4.43,2.75
0.25,Good,F,VVS1,59.1,60,490,4.1,4.12,2.43
0.41,Ideal,F,IF,62.3,55,1439,4.78,4.82,2.99
0.56,Ideal,E,SI1,61.7,56,1580,5.3,5.33,3.28
2.2,Premium,G,SI2,60.4,60,15897,8.44,8.36,5.08
0.32,Ideal,G,VVS2,61.2,58,698,4.39,4.43,2.7
0.57,Premium,G,VS1,62.4,58,1851,5.29,5.32,3.31
0.5,Ideal,H,VS1,62.6,53,1370,5.09,5.14,3.2
0.74,Ideal,F,VS1,61.7,56,3170,5.83,5.78,3.58
1.21,Ideal,F,SI2,61.8,57,6105,6.87,6.82,4.23
0.72,Ideal,E,SI1,62.1,57,2608,5.71,5.75,3.56
0.4,Good,E,SI1,63.7,57,882,4.69,4.66,2.98
2.68,Very Good,I,I1,63.5,56,9665,8.81,8.77,5.58
0.3,Premium,E,VS2,59.1,58,658,4.37,4.39,2.59
0.31,Very Good,H,VS2,62.5,60,489,4.31,4.36,2.71
0.46,Very Good,F,VS2,59.9,55,1258,5.06,5.08,3.04
0.54,Ideal,J,SI2,61.3,58,978,5.24,5.27,3.22
0.47,Ideal,D,VS1,60.5,57,2086,5.04,5.07,3.06
0.8,Ideal,F,SI1,62.8,54,2975,5.9,5.97,3.74
1.22,Ideal,H,SI1,61.9,56,5985,6.86,6.83,4.24
1.7,Premium,H,SI1,61.8,61,11848,7.59,7.52,4.67
0.42,Ideal,G,VS1,62.7,54,984,4.83,4.8,3.02
1.02,Premium,F,SI1,63,58,4678,6.4,6.36,4.02
1.02,Good,F,VS1,63.7,57,7197,6.39,6.35,4.06
0.9,Premium,E,SI2,61.7,57,4133,6.23,6.21,3.84
0.31,Very Good,G,SI2,61.7,55,433,4.37,4.4,2.71
0.7,Premium,E,VS1,60.8,60,2822,5.74,5.71,3.48
0.41,Ideal,G,VS2,62.7,56,827,4.74,4.77,2.98
1.02,Ideal,H,SI1,59.9,56,5079,6.54,6.51,3.91
2.01,Premium,D,SI2,59.1,60,13811,8.31,8.21,4.88
0.32,Ideal,G,VVS2,61.7,57,936,4.44,4.41,2.73
0.3,Premium,H,SI1,59.5,62,540,4.35,4.32,2.58
0.74,Ideal,H,IF,60.9,57,3760,5.83,5.85,3.56
2.01,Premium,J,VS2,60.4,59,13619,8.1,8.15,4.91
0.23,Very Good,E,VVS2,60.6,55,478,4.02,4.07,2.45
0.93,Very Good,J,VS2,62.8,56,3576,6.14,6.22,3.88
0.73,Ideal,G,VVS2,62.4,57,3777,5.71,5.79,3.59
0.71,Ideal,D,SI2,61.6,56,2690,5.78,5.82,3.57
1,Premium,F,VVS1,61,60,9724,6.39,6.43,3.91
1.72,Premium,F,SI1,62.4,60,14300,7.67,7.62,4.77
0.32,Ideal,G,VS1,61.7,55,645,4.39,4.43,2.72
1.51,Very Good,F,VS2,62.5,58,14165,7.21,7.36,4.55
0.83,Premium,E,SI1,60.7,58,3482,6.06,6.09,3.69
1.02,Very Good,H,VS2,60.2,62,5335,6.46,6.54,3.91
0.31,Ideal,G,VVS1,62.5,54,789,4.34,4.37,2.72
1.52,Ideal,G,VVS1,62.4,55,16104,7.39,7.3,4.58
0.37,Ideal,G,SI1,61,56,608,4.61,4.68,2.84
1.53,Premium,F,VS1,60.3,58,15217,7.51,7.48,4.52
0.34,Ideal,E,SI1,61.4,54,596,4.5,4.53,2.77
1.2,Premium,G,VS2,62.1,61,7728,6.74,6.68,4.17
0.81,Premium,G,VS2,61.2,60,3084,6,5.99,3.67
0.4,Very Good,D,VS2,62.3,60,850,4.66,4.68,2.91
0.53,Ideal,F,VVS2,62.2,56,2158,5.18,5.2,3.23
2,Very Good,J,SI2,59.8,60,11792,8.09,8.13,4.85
0.27,Ideal,E,VS1,61.6,56,603,4.17,4.14,2.56
1.56,Very Good,I,SI1,60.2,61,8470,7.5,7.59,4.54
0.3,Ideal,G,VVS1,61.9,57,764,4.28,4.31,2.66
0.73,Fair,D,SI1,64.5,56,2539,5.7,5.65,3.66
1.01,Very Good,G,SI1,59.6,61,4588,6.47,6.52,3.87
0.31,Very Good,G,SI1,62.8,55,462,4.32,4.38,2.73
0.54,Ideal,G,VS1,62.2,56,1637,5.19,5.23,3.24
0.71,Very Good,E,VS2,64,57,2804,5.66,5.68,3.63
0.31,Ideal,D,VS2,62.1,55,942,4.32,4.31,2.68
0.7,Ideal,E,SI1,61.9,56,3330,5.7,5.73,3.54
0.54,Ideal,G,VS1,62,56,1847,5.24,5.21,3.24
0.4,Premium,G,SI1,59.6,61,840,4.76,4.74,2.83
2.21,Very Good,G,SI2,60.7,62,15825,8.42,8.48,5.13
0.7,Very Good,F,VS2,59.5,58,2812,5.75,5.85,3.45
0.9,Good,D,VS2,62.6,62,4739,6.11,6.15,3.84
1.01,Premium,G,VS1,60.9,58,6759,6.43,6.47,3.93
0.53,Very Good,D,VS2,62.6,58,1682,5.14,5.18,3.23
0.58,Ideal,E,VS2,61.9,56,1884,5.35,5.38,3.32
0.47,Ideal,I,IF,62.2,55,1178,4.99,5.01,3.11
1.6,Ideal,F,VS2,60.1,57,13853,7.65,7.59,4.58
1.01,Very Good,D,SI1,61.5,61,5542,6.37,6.47,3.95
0.9,Very Good,G,SI2,63.3,59,3107,6.12,6.07,3.86
0.7,Ideal,D,SI1,61.4,54,2872,5.71,5.75,3.52
1.13,Very Good,J,VS2,62,59,4206,6.62,6.66,4.12
0.71,Premium,H,SI1,62.9,58,2364,5.66,5.62,3.55
0.71,Very Good,G,VS1,62,53,3425,5.72,5.76,3.56
0.91,Very Good,H,VS1,63.4,56,4224,6.18,6.12,3.9
1.51,Very Good,D,VS2,63.2,57,12311,7.27,7.25,4.59
1.1,Ideal,E,SI2,61.6,56,5174,6.64,6.61,4.08
0.3,Ideal,E,VS1,61.9,56,670,4.28,4.31,2.66
1.08,Premium,G,SI2,59.3,61,3701,6.66,6.61,3.94
2.22,Premium,J,VS1,60,60,18706,8.49,8.43,5.08
0.52,Ideal,G,VVS1,62,55,2029,5.15,5.18,3.2
0.31,Very Good,F,VVS1,59.4,57,779,4.39,4.43,2.62
0.6,Ideal,F,VVS2,61.5,57,3196,5.42,5.45,3.34
1.7,Ideal,I,SI1,62.9,57,9901,7.57,7.5,4.74
0.51,Premium,F,VVS2,61.9,56,2310,5.17,5.13,3.19
0.42,Ideal,D,VS1,61.4,55,1006,4.8,4.9,2.98
0.76,Ideal,E,SI2,62.8,56,2873,5.78,5.82,3.64
0.5,Premium,E,SI1,62.6,56,1314,5.07,5.06,3.17
1.04,Ideal,I,SI2,62.4,57,3953,6.48,6.46,4.04
1.14,Very Good,I,SI1,63.5,56,4788,6.62,6.58,4.19
0.3,Ideal,D,VS2,62,55,911,4.34,4.31,2.68
0.9,Ideal,G,VS1,61.6,55,4460,6.27,6.23,3.85
1.21,Premium,F,VS1,61.3,57,8879,6.9,6.86,4.22
1.06,Very Good,G,VS1,61.7,57,7132,6.52,6.56,4.04
1,Very Good,E,VS1,63.2,53,5914,6.4,6.33,4.02
1.23,Ideal,G,VS2,61.5,54,8133,6.92,6.89,4.25
0.42,Ideal,G,SI1,62.2,53,777,4.85,4.86,3.02
0.7,Ideal,F,VS1,61.2,56,3662,5.73,5.76,3.52
0.56,Ideal,I,SI1,61.3,56,1343,5.28,5.31,3.25
0.5,Ideal,G,VS1,62.6,57,1569,5.05,5.08,3.17
0.54,Ideal,G,VVS2,61.7,57,1914,5.23,5.26,3.23
0.71,Ideal,D,SI1,62,55,3252,5.71,5.76,3.56
1.19,Premium,G,SI2,62.4,59,4078,6.74,6.71,4.2
0.83,Good,H,SI2,63.9,56,2316,5.93,5.99,3.81
0.4,Ideal,G,SI2,60.6,56,651,4.82,4.79,2.91
1,Premium,G,VS1,61.2,58,6462,6.49,6.38,3.94
0.45,Good,E,SI1,63.9,57,1063,4.86,4.81,3.09
0.31,Ideal,H,VVS2,62.4,56,802,4.38,4.34,2.72
0.24,Very Good,G,VVS2,62,57,449,4,4.03,2.49
1.18,Ideal,F,VVS2,60.6,55,11415,6.84,6.88,4.16
0.25,Ideal,F,VS1,61.1,58,595,4.04,4.08,2.48
0.71,Ideal,G,SI1,62.3,56,2317,5.73,5.7,3.56
0.4,Ideal,J,VS1,61.3,56,606,4.77,4.79,2.93
1.09,Premium,I,SI1,62,58,4090,6.6,6.56,4.08
1.01,Ideal,E,SI2,61.9,56,4921,6.46,6.43,3.99
0.91,Good,E,SI2,63.1,61,3520,6.04,6.14,3.84
0.35,Premium,G,VS1,62.9,58,906,4.49,4.48,2.82
0.54,Ideal,H,VVS1,61.8,55,1944,5.24,5.21,3.23
0.7,Premium,J,SI1,61.3,59,1827,5.75,5.73,3.52
2,Very Good,H,SI1,60.3,61,16092,8.11,8.17,4.91
0.39,Ideal,F,VVS2,62.1,55,988,4.7,4.74,2.93
0.7,Ideal,D,SI1,61.2,54,2310,5.79,5.75,3.53
1,Premium,E,SI1,61.6,59,5600,6.41,6.38,3.94
0.9,Ideal,F,SI1,61.5,56,4284,6.25,6.2,3.83
0.58,Ideal,E,VS1,60.1,57,1965,5.41,5.47,3.27
1.51,Good,G,VVS2,63.8,59,13275,7.28,7.24,4.63
0.51,Very Good,G,VVS2,61.7,58,1875,5.13,5.18,3.18
1.2,Ideal,H,VS1,62,57,7294,6.69,6.76,4.17
0.93,Ideal,H,VS1,61.8,55,5375,6.28,6.26,3.88
1.55,Premium,J,VS2,60.7,59,7911,7.47,7.5,4.54
1.11,Premium,D,SI2,61.3,60,5134,6.6,6.54,4.03
0.36,Ideal,E,VS2,60.7,56,738,4.63,4.65,2.82
0.25,Very Good,E,VVS2,63.1,55,526,3.98,4.04,2.53
0.33,Very Good,G,VS2,59.3,61,579,4.49,4.51,2.67
0.5,Good,D,SI1,63.7,56,1436,5.05,5.09,3.23
1.55,Ideal,H,VS1,62,57,13665,7.37,7.43,4.59
0.4,Ideal,D,VVS1,60.3,57,1441,4.81,4.78,2.89
1.01,Fair,H,SI1,64.6,55,4191,6.29,6.25,4.05
1.02,Ideal,I,SI1,61.3,56,4455,6.52,6.47,3.98
0.73,Very Good,E,VS2,62.9,58,3184,5.7,5.75,3.6
0.32,Good,H,SI2,63.8,56,517,4.38,4.36,2.79
1.21,Ideal,I,SI1,60.6,55,5556,6.92,6.87,4.18
0.58,Premium,F,VS2,62.2,55,1586,5.4,5.31,3.33
1.01,Good,G,VS1,63.7,57,6499,6.32,6.37,4.04
1,Premium,H,SI2,59.4,60,3080,6.49,6.4,3.83
0.4,Premium,E,VVS1,61.2,61,1397,4.74,4.7,2.89
0.7,Ideal,G,VS2,62.3,57,2723,5.66,5.7,3.54
0.32,Premium,D,SI1,60.4,58,756,4.47,4.44,2.69
0.3,Premium,E,VS2,61.9,59,844,4.33,4.29,2.67
0.46,Fair,I,VS1,65.6,57,972,4.85,4.82,3.17
0.7,Premium,I,SI2,63,56,1715,5.71,5.63,3.57
1.26,Premium,I,SI2,60.1,59,5151,7,6.91,4.18
0.71,Very Good,D,VVS2,62.3,60,3799,5.65,5.71,3.54
0.35,Ideal,E,VS2,62.5,55,767,4.5,4.52,2.82
0.75,Ideal,E,VS2,61.7,56,3150,5.86,5.84,3.61
0.7,Very Good,I,SI1,61.4,57,2028,5.72,5.75,3.52
1,Fair,E,SI2,65.2,56,4256,6.3,6.12,4.05
1.01,Good,D,VS1,62.2,62,7303,6.29,6.41,3.95
0.27,Very Good,E,VVS1,61.3,57,682,4.15,4.18,2.55
0.84,Very Good,G,SI2,62.9,55,2584,5.99,6.12,3.8
0.31,Ideal,D,VVS2,61.2,55,1034,4.37,4.42,2.69
1.5,Very Good,H,VVS1,63.8,57,11654,7.17,7.21,4.59
0.53,Ideal,I,VS1,61.8,55,1552,5.19,5.23,3.22
0.31,Premium,F,VS2,62.9,58,802,4.31,4.27,2.7
0.86,Very Good,J,SI2,63.2,61,1950,6.05,5.97,3.79
0.56,Very Good,H,SI1,61.3,60,1197,5.23,5.28,3.22
0.9,Ideal,I,VS1,62.9,58,3867,6.13,6.18,3.87
0.31,Ideal,G,IF,61.9,56,988,4.39,4.36,2.71
0.74,Ideal,E,VS2,61.7,56,3374,5.81,5.86,3.6
1.2,Very Good,E,VVS2,59.5,54,12253,6.98,6.96,4.15
1.12,Ideal,H,VS1,60.9,57,7616,6.71,6.73,4.09
1.21,Ideal,H,VVS2,61.3,56,8950,6.85,6.89,4.21
0.9,Premium,G,SI1,62.2,60,3984,6.14,6.07,3.8
1.14,Very Good,G,VS2,61.3,57,6500,6.69,6.78,4.13
1.16,Ideal,I,SI2,62.8,57,3605,6.8,6.64,4.22
0.3,Ideal,H,VVS2,62.6,55,605,4.25,4.28,2.67
1,Good,G,VS2,63.1,61,5702,6.33,6.38,4.01
1.51,Ideal,E,SI2,60.5,57,10935,7.38,7.42,4.48
0.93,Good,E,SI1,63.1,57,4611,6.17,6.19,3.9
0.33,Very Good,D,VS2,62.9,54,660,4.4,4.44,2.78
1.11,Ideal,H,SI2,61.3,55,4662,6.73,6.65,4.1
1.22,Very Good,G,SI2,59.2,61,6531,6.99,6.92,4.12
1.53,Ideal,I,SI2,63.7,58,8062,7.31,7.27,4.64
0.9,Ideal,H,SI2,62.3,57,3794,6.16,6.19,3.85
0.91,Ideal,E,SI2,61.5,56,3968,6.2,6.23,3.82
1.19,Very Good,D,SI2,61.1,58,6157,6.84,6.88,4.19
0.7,Very Good,I,VS2,62.8,59,2202,5.56,5.61,3.51
1,Premium,D,SI2,59.5,62,4626,6.52,6.49,3.87
0.31,Ideal,E,VS2,62,55,872,4.35,4.33,2.69
0.3,Ideal,E,VS2,62,55,844,4.31,4.27,2.66
0.57,Ideal,F,VS1,61.9,55,2189,5.34,5.32,3.3
1.02,Premium,H,VS2,62.5,60,5312,6.43,6.38,4
0.32,Premium,G,VS2,58.4,57,672,4.53,4.51,2.64
2.01,Premium,J,SI2,61.4,60,12407,8.14,8.07,4.98
1.04,Ideal,G,VS2,62.6,55,6177,6.45,6.49,4.05
0.71,Ideal,G,SI1,62.1,54,2513,5.72,5.75,3.56
0.6,Ideal,D,VS1,61.9,54.9,2527,5.4,5.43,3.35
0.32,Ideal,F,VVS2,61.9,57,1008,4.39,4.36,2.71
1.22,Ideal,I,VS2,59.5,57,5761,6.91,6.97,4.13
0.23,Premium,D,VVS2,59.6,61,640,4.03,3.99,2.39
0.3,Ideal,G,VS2,60.8,57,630,4.38,4.33,2.65
0.33,Ideal,F,VS2,62.1,55,666,4.45,4.47,2.77
0.7,Ideal,E,SI1,61.9,55,2537,5.74,5.77,3.56
0.73,Very Good,J,SI1,60.1,62,2031,5.85,5.9,3.53
0.41,Ideal,F,VVS1,60.9,56,1356,4.83,4.79,2.93
2.13,Good,H,SI2,59.2,58,16062,8.35,8.41,4.96
1.05,Ideal,F,SI1,60.6,59,5586,6.51,6.56,3.96
2.04,Ideal,I,SI1,60,60,15308,8.3,8.26,4.97
1.5,Ideal,G,SI2,63,57,6720,7.31,7.2,4.57
3.22,Ideal,I,I1,62.6,55,12545,9.49,9.42,5.92
0.25,Very Good,F,VVS2,59.3,59,548,4.15,4.18,2.47
0.42,Ideal,G,VVS1,61.2,57,1179,4.78,4.82,2.94
0.32,Very Good,G,VS1,61.2,62,602,4.41,4.45,2.71
1,Good,G,VS2,62.7,58,5068,6.24,6.33,3.94
1.06,Ideal,F,IF,61,57,10995,6.55,6.64,4.02
0.32,Premium,D,SI1,60.9,60,756,4.41,4.39,2.68
1.12,Ideal,F,SI1,61.6,56,6087,6.66,6.72,4.12
0.56,Premium,E,VS2,61.1,59,1668,5.34,5.27,3.24
0.34,Good,F,SI1,61.9,56,581,4.5,4.52,2.79
1.11,Premium,E,SI2,62.6,59,5152,6.71,6.65,4.18
0.91,Very Good,J,VS2,61,58,3258,6.22,6.3,3.82
1.02,Premium,F,SI2,59.9,59,4162,6.56,6.59,3.94
0.43,Very Good,F,VS2,61.3,59,905,4.81,4.84,2.96
1.71,Good,H,VS2,63.7,58,13068,7.57,7.54,4.81
0.34,Premium,H,VS2,61.3,60,537,4.47,4.53,2.76
1.42,Very Good,E,SI1,61.1,62,9278,7.17,7.2,4.39
0.42,Premium,E,VS1,62.2,59,1105,4.76,4.79,2.97
0.76,Ideal,F,VS1,61.9,55,3820,5.88,5.84,3.63
1.16,Premium,H,SI1,62.8,57,5702,6.73,6.67,4.21
0.63,Premium,E,VS1,60.4,58,2171,5.59,5.64,3.39
1,Premium,G,VS1,62.4,60,6377,6.39,6.37,3.98
0.51,Ideal,E,SI2,61.3,61,1128,5.13,5.15,3.15
0.8,Premium,F,VS2,59.7,58,3285,6.02,5.97,3.58
0.45,Very Good,G,VS1,60,57.1,1154,4.99,5.03,3
0.31,Ideal,F,VS1,61.1,57,729,4.34,4.36,2.66
0.73,Very Good,E,SI1,57.7,61,2844,5.92,5.96,3.43
0.5,Premium,E,SI1,62,59,1316,5.06,5.1,3.15
0.3,Very Good,F,VS2,62.8,55,605,4.27,4.33,2.7
1.07,Ideal,F,SI2,62,57,4764,6.6,6.49,4.06
2,Ideal,H,SI1,62.8,52,18440,8.05,8.1,5.06
0.56,Ideal,G,VS2,60.6,57,1580,5.33,5.36,3.24
1.24,Ideal,J,VS1,61.6,57,5866,6.89,6.93,4.26
0.53,Ideal,E,SI1,61.2,54,1303,5.21,5.25,3.2
1.24,Premium,H,VS2,61.7,59,6962,6.91,6.84,4.24
0.34,Ideal,E,SI1,62,57,596,4.46,4.48,2.77
0.4,Ideal,E,VVS1,61.5,56,1397,4.78,4.75,2.93
0.77,Good,I,SI1,62.3,55,2264,5.88,5.93,3.68
1.51,Premium,G,VS2,59.2,61,12229,7.48,7.44,4.42
1.07,Premium,I,VS2,60.7,58,4491,6.62,6.66,4.03
0.49,Premium,F,SI1,58.7,60,1179,5.2,5.15,3.04
0.25,Very Good,E,VVS2,63.4,58,575,3.97,4.01,2.53
0.84,Ideal,G,VS1,61.4,56,4372,6.04,6.15,3.74
0.7,Ideal,I,VVS2,62.5,54,2353,5.68,5.71,3.56
1.87,Ideal,H,VS1,59.7,60,17761,7.98,8.04,4.78
0.75,Ideal,G,SI1,62.2,57,2456,5.8,5.84,3.62
0.37,Ideal,D,VS2,61,56,876,4.65,4.7,2.85
1.2,Ideal,F,VS2,62.3,55,8486,6.83,6.79,4.24
0.81,Very Good,E,SI1,60.3,60,2797,6.07,6.1,3.67
1.06,Very Good,F,SI1,62.3,56,4995,6.5,6.57,4.07
0.43,Premium,G,VS1,62.2,59,1008,4.84,4.81,3
0.3,Ideal,D,SI2,63,55,574,4.26,4.25,2.68
0.25,Very Good,E,VVS2,62.2,58,548,4.03,4.11,2.53
0.7,Very Good,D,SI1,60.3,60,2656,5.74,5.77,3.47
1.14,Ideal,I,VS2,62.9,56,5075,6.71,6.67,4.21
0.36,Premium,G,VS1,62.3,59,932,4.55,4.5,2.82
0.3,Premium,F,VS2,60.4,58,605,4.31,4.33,2.61
0.41,Ideal,I,VS2,61.4,54,625,4.81,4.83,2.96
1.51,Ideal,G,VS2,62,56,13234,7.32,7.35,4.55
1.19,Very Good,E,SI1,58,63,5956,6.9,6.97,4.02
0.55,Ideal,D,VS1,61.8,55,2119,5.29,5.32,3.28
1.34,Ideal,I,VVS2,61.4,56,8079,7.07,7.09,4.35
1.04,Premium,G,SI2,60.6,59,3896,6.6,6.56,3.99
0.7,Good,H,VS2,62.2,61.6,2428,5.63,5.66,3.51
1.51,Very Good,E,VS2,62.4,59,14709,7.26,7.36,4.56
0.9,Good,I,VS1,62.8,59,3447,6.11,6.18,3.86
0.33,Ideal,G,VVS2,61.7,55,752,4.42,4.46,2.74
1.01,Good,H,SI1,60.6,61,4242,6.35,6.39,3.86
1.01,Premium,I,SI1,62.3,58,4355,6.44,6.4,4
1.01,Good,F,SI2,56.9,60,4077,6.68,6.64,3.79
2.14,Premium,G,SI2,60.4,59,17513,8.32,8.38,5.04
0.3,Ideal,G,VVS1,61.8,56,764,4.32,4.36,2.68
0.72,Very Good,I,VS2,63.3,59,2177,5.66,5.62,3.57
1.5,Good,F,I1,60.6,62,5313,7.22,7.24,4.38
0.31,Good,G,VS2,63.1,58,544,4.3,4.35,2.73
0.72,Ideal,G,VS2,61.3,56,2960,5.77,5.81,3.55
0.58,Ideal,E,VS1,60.6,57,2192,5.4,5.45,3.29
0.5,Premium,G,VS2,61.5,57,1415,5.12,5.09,3.14
2.28,Premium,I,SI1,61.6,58,17673,8.43,8.46,5.2
0.25,Very Good,E,VVS1,57.7,62,548,4.16,4.19,2.41
1.01,Good,G,SI1,63.5,64,4538,6.41,6.28,4.03
1.01,Premium,F,VVS1,60.8,58,10341,6.55,6.48,3.96
1.09,Ideal,E,VS2,62.4,55,7978,6.55,6.6,4.1
0.55,Premium,E,SI1,62.4,57.6,1630,5.23,5.28,3.27
0.78,Very Good,I,SI2,60.6,60,2130,5.91,5.93,3.59
2.04,Premium,H,SI2,62.8,58,14184,8.11,8.06,5.08
1.23,Ideal,H,IF,61.3,57,8585,6.92,6.87,4.23
0.3,Premium,G,VVS1,60.5,59,1013,4.36,4.33,2.63
0.7,Good,F,VS2,63.9,53,2415,5.65,5.61,3.6
0.43,Ideal,G,IF,61.3,55,1683,4.86,4.89,2.99
0.91,Premium,G,SI1,62.2,57,3816,6.17,6.12,3.82
1.01,Premium,H,SI2,61.5,60,4242,6.4,6.34,3.92
0.32,Ideal,F,VS2,61.6,55,828,4.43,4.4,2.72
1.03,Premium,G,SI1,58.4,58,5249,6.66,6.62,3.88
0.9,Very Good,D,SI2,63,58,3534,6.12,6.16,3.87
1.5,Very Good,I,VS1,63.3,54,11879,7.26,7.33,4.62
2.14,Very Good,I,SI1,61.3,61,15769,8.28,8.32,5.09
0.5,Very Good,G,VVS1,63.3,53,1885,5.06,5.09,3.21
1.01,Very Good,F,SI1,62,56,5107,6.41,6.47,3.99
0.8,Premium,G,SI2,59.7,62,2484,6.02,5.98,3.58
1.12,Premium,F,VS1,62.1,60,7781,6.62,6.58,4.1
0.3,Ideal,E,VVS2,61.6,57,1013,4.32,4.29,2.65
0.7,Premium,E,SI2,60.4,59,2475,5.75,5.7,3.46
1.01,Very Good,E,VS2,64,56,6771,6.22,6.37,4.03
1.01,Very Good,G,SI1,62.9,58,5497,6.35,6.4,4.01
0.31,Ideal,D,VS2,61.8,57,942,4.38,4.36,2.7
0.56,Ideal,E,VS2,61.7,54,1915,5.35,5.28,3.28
1.32,Ideal,I,VS2,60.8,57,7209,7.07,7.02,4.28
1.31,Very Good,H,VS2,60.4,58,8261,7.04,7.09,4.27
0.7,Ideal,G,VS2,61.2,57,2515,5.77,5.7,3.51
0.4,Premium,D,SI1,61.4,56,990,4.83,4.72,2.93
0.81,Ideal,D,VS2,59.5,60,4315,6.08,6.15,3.64
1.02,Premium,D,VS2,59.8,61,6909,6.61,6.54,3.93
0.51,Ideal,D,VS2,61.5,55,1787,5.13,5.18,3.17
0.3,Ideal,H,IF,60.8,56,764,4.36,4.39,2.66
1.11,Ideal,E,VS2,62.2,56,7459,6.66,6.59,4.12
0.36,Ideal,F,VS2,61.5,55,807,4.6,4.57,2.82
0.29,Premium,E,VVS1,60.9,61,807,4.27,4.23,2.59
0.37,Premium,F,VS2,61.9,59,957,4.61,4.57,2.84
1.53,Premium,J,VS1,60.1,59,8058,7.47,7.51,4.5
1.23,Ideal,E,SI2,62.1,55,7336,6.91,6.84,4.27
1.05,Premium,H,VS1,60.1,57,5886,6.62,6.59,3.97
0.4,Ideal,D,VVS2,62,56,1263,4.71,4.74,2.93
2.04,Very Good,J,VS1,62.6,58,14527,8.06,8.11,5.06
0.4,Very Good,I,VVS1,63.5,57,1080,4.68,4.65,2.96
0.47,Premium,D,SI1,60.6,61,987,5.04,5,3.04
1.19,Very Good,D,VVS1,59.4,56,15767,6.95,7,4.14
2.01,Very Good,J,VS1,60.2,61,12845,8.16,8.23,4.93
0.57,Ideal,E,VVS2,62.1,54.6,2442,5.31,5.35,3.31
0.36,Premium,J,SI1,61.6,60,410,4.54,4.58,2.81
0.31,Ideal,D,VVS2,61,55,1074,4.38,4.41,2.68
0.28,Very Good,F,VVS2,60.2,58,628,4.26,4.28,2.57
0.39,Premium,H,SI2,61.2,58,468,4.51,6.02,4.44
1.09,Ideal,E,SI2,61.6,55,5035,6.6,6.64,4.08
0.27,Very Good,E,VS2,61.3,58,470,4.13,4.16,2.54
0.9,Good,G,VS1,63.7,56,4460,6.15,6.07,3.89
0.9,Very Good,G,VS2,58.8,61,4400,6.28,6.3,3.7
1.08,Premium,D,VS1,61,59,8999,6.66,6.61,4.05
1.01,Premium,E,VS1,62,59,7964,6.42,6.38,3.97
0.4,Ideal,G,VVS1,61.2,56,1123,4.75,4.79,2.92
1.11,Premium,E,VS1,61.2,58,8329,6.69,6.65,4.08
1.07,Premium,I,SI2,59.7,59,4206,6.68,6.63,3.97
0.57,Premium,E,SI1,59.4,58,1613,5.42,5.38,3.21
0.23,Very Good,F,VS2,61,59,402,3.95,3.99,2.42
0.3,Ideal,F,SI1,61.2,55,609,4.35,4.37,2.67
1.2,Very Good,I,SI2,61.9,59,4455,6.77,6.84,4.21
0.41,Ideal,H,SI1,61.2,56,683,4.77,4.81,2.93
0.37,Ideal,F,VS2,61.4,56,746,4.59,4.63,2.83
0.5,Premium,E,VS2,59.3,62,1684,5.25,5.18,3.09
0.56,Very Good,G,SI1,61.1,56,1408,5.32,5.34,3.26
0.9,Good,H,SI2,63.1,55,3024,6.08,6.13,3.85
1.51,Very Good,E,SI1,61.8,57,9474,7.36,7.43,4.57
0.51,Premium,G,VS1,62,52,1781,5.37,5.05,3.23
0.34,Premium,E,SI1,59.3,58,765,4.59,4.55,2.71
0.41,Good,F,SI1,63.3,57,755,4.69,4.72,2.98
0.57,Ideal,G,VS1,62.5,54.2,1943,5.29,5.31,3.31
0.32,Premium,E,VS2,60.5,58,702,4.44,4.48,2.7
0.36,Ideal,J,SI1,62.3,53,439,4.59,4.62,2.87
1.07,Ideal,H,SI1,62,57,4830,6.51,6.56,4.05
0.4,Very Good,F,VVS2,60.9,52,1049,4.81,4.83,2.94
0.4,Ideal,D,VS2,61.3,57,982,4.75,4.77,2.92
0.57,Ideal,E,SI1,62.1,56,1608,5.3,5.33,3.3
0.72,Very Good,E,VS2,63.8,57,3035,5.66,5.69,3.62
0.71,Fair,F,SI1,57,62,2149,5.84,5.87,3.34
1.5,Good,G,SI1,63.7,59,10428,7.19,7.23,4.59
0.71,Good,H,SI1,63.4,54,2056,5.6,5.67,3.57
0.89,Very Good,I,VS2,63.1,55,3238,6.09,6.17,3.87
0.48,Ideal,E,VVS2,60.7,56,2102,5.04,5.08,3.07
1,Premium,J,SI2,62.7,58,3293,6.32,6.28,3.95
0.8,Very Good,E,SI1,63.1,57,3293,5.94,5.86,3.72
1.07,Very Good,E,IF,58.6,63,11475,6.7,6.79,3.95
1.61,Ideal,G,SI1,61.2,55,11294,7.62,7.57,4.65
0.85,Ideal,I,VS1,61.9,56,3548,6.08,6.1,3.77
1.42,Very Good,I,VS1,60.1,65,6894,7.28,7.2,4.35
0.7,Ideal,D,VS1,61.4,54.2,3752,5.72,5.76,3.52
0.41,Ideal,G,VS1,61.7,57,899,4.78,4.81,2.96
1.01,Very Good,E,SI2,63.3,58,4244,6.36,6.3,4.01
0.28,Very Good,E,VVS2,60,56,642,4.26,4.28,2.56
0.82,Premium,F,SI2,59.7,57,2867,6.14,6.12,3.66
0.88,Very Good,H,VS2,63.2,57,3472,6.08,6.15,3.87
0.41,Premium,F,VS1,61.1,58,1076,4.78,4.74,2.91
0.33,Ideal,G,SI1,61.8,54,453,4.46,4.5,2.77
1.02,Premium,H,SI1,60.5,60,4884,6.58,6.51,3.96
0.93,Premium,F,VS2,62.1,59,4961,6.24,6.28,3.89
1.02,Premium,F,VS2,62.7,59,6333,6.44,6.41,4.03
0.34,Ideal,E,VVS2,62.3,57,1071,4.48,4.44,2.78
0.92,Premium,G,SI2,62.3,59,3377,6.15,6.2,3.85
0.32,Ideal,F,VVS2,61.6,55,945,4.41,4.42,2.72
1.2,Very Good,I,SI1,61.7,56,4785,6.82,6.76,4.19
1.18,Very Good,G,VS2,62.7,54.7,8411,6.74,6.77,4.23
0.4,Premium,H,VS1,62.4,60,1035,4.74,4.69,2.94
0.71,Premium,H,VVS2,61.9,59,2498,5.73,5.7,3.54
0.41,Premium,G,VS2,61.8,59,827,4.72,4.76,2.93
0.74,Very Good,D,SI2,61.4,57,2558,5.82,5.84,3.58
1.51,Premium,H,SI2,63,59,7321,7.26,7.16,4.54
1,Premium,E,SI1,62.6,60,5445,6.3,6.35,3.97
0.32,Ideal,D,VS2,62.2,55,972,4.41,4.37,2.73
0.4,Premium,D,SI1,61.3,60,772,4.71,4.75,2.9
1.03,Good,D,SI2,63.8,54,3607,6.36,6.3,4.04
0.3,Ideal,D,VS2,62.8,57,911,4.31,4.29,2.7
0.57,Ideal,E,VS2,61.3,57,2319,5.38,5.29,3.27
2.14,Premium,H,VS2,61.7,58,16390,8.28,8.22,5.09
0.42,Ideal,D,VS1,61.5,54,1235,4.84,4.79,2.96
1.21,Premium,H,VS2,60.8,58,6710,6.91,6.88,4.19
0.51,Ideal,G,VVS2,62.2,56,1827,5.09,5.13,3.18
1.09,Very Good,D,SI2,62.2,59,4598,6.46,6.49,4.03
0.38,Ideal,G,IF,62,54,1125,4.66,4.7,2.9
0.31,Ideal,G,VVS1,61.9,55,1046,4.36,4.3,2.68
0.9,Ideal,I,SI1,60.8,57,3308,6.22,6.25,3.79
1.01,Premium,D,SI2,58,60,3604,6.58,6.53,3.8
1.25,Ideal,G,SI2,61.5,56,6300,7,6.92,4.28
0.31,Good,D,SI1,63.7,54,571,4.31,4.35,2.76
0.37,Very Good,G,VVS2,59.9,55,774,4.71,4.75,2.83
1.53,Ideal,F,SI1,62.2,55,12616,7.35,7.37,4.57
0.32,Very Good,H,VVS2,62.9,57,645,4.36,4.39,2.75
1.01,Very Good,D,VVS2,62.5,59,10453,6.34,6.4,3.98
0.41,Ideal,F,VVS2,60.6,57,1192,4.86,4.81,2.93
1.26,Premium,I,SI1,60.9,58,5504,6.99,6.94,4.24
0.78,Very Good,G,VS2,62.6,58,3113,5.81,5.89,3.66
1.02,Good,E,VS2,63.2,60,6462,6.29,6.34,3.99
0.34,Ideal,D,IF,62.1,57,2346,4.52,4.46,2.79
1.5,Premium,F,VS2,62.4,57,13333,7.38,7.29,4.58
0.97,Ideal,J,VS1,61.3,57,4278,6.37,6.41,3.92
1,Premium,G,VS2,59.3,60,6048,6.55,6.51,3.87
1.56,Premium,J,VS2,61.7,58,7904,7.46,7.41,4.59
2,Good,D,SI2,64.1,57,17094,7.91,7.82,5.04
1.01,Very Good,G,VVS2,63,61,7528,6.34,6.36,4
1.7,Ideal,H,SI2,61.9,59,9864,7.59,7.67,4.72
0.7,Premium,F,VS2,62,56,2573,5.72,5.67,3.53
1.1,Very Good,E,SI2,60.1,62,4607,6.65,6.69,4.01
0.52,Ideal,E,VS2,60.9,57,1689,5.21,5.23,3.18
0.41,Premium,E,SI1,62.3,56,1059,4.78,4.76,2.97
0.61,Very Good,G,VVS2,62.3,59,2351,5.4,5.45,3.38
1.08,Ideal,G,VS2,60.3,59,6769,6.62,6.64,4
1.14,Ideal,H,SI1,61.8,56,7079,6.68,6.72,4.14
0.32,Ideal,G,VVS2,60.6,57,730,4.41,4.43,2.68
1.27,Premium,H,VS2,62.6,59,6755,6.83,6.93,4.31
0.31,Ideal,G,VVS1,60.5,57,798,4.39,4.43,2.67
0.42,Premium,G,VVS1,59.8,58,1179,4.85,4.88,2.91
2.01,Ideal,I,SI1,62.8,57,10389,8.04,7.98,5.03
0.31,Very Good,G,VVS1,63,58,816,4.29,4.32,2.71
0.32,Ideal,E,VS1,61,57,898,4.4,4.42,2.69
1.01,Premium,G,VS2,62.1,60,5839,6.35,6.37,3.95
0.34,Ideal,E,SI1,60.4,57,723,4.53,4.55,2.74
1.14,Very Good,F,VVS1,62.2,55.9,11737,6.67,6.69,4.16
1.23,Premium,F,VS2,59.6,58,8855,6.94,7.02,4.16
0.6,Fair,E,SI2,66.5,56,1033,5.31,5.21,3.5
2.32,Premium,J,VS2,62.4,57,17053,8.48,8.4,5.27
1.54,Ideal,G,SI2,61.9,55,9193,7.47,7.39,4.6
0.7,Good,H,VS2,59.1,65,2352,5.85,5.75,3.43
1.09,Ideal,I,SI1,59.4,61,4692,6.68,6.73,3.98
0.3,Good,I,VS1,63.7,58,608,4.25,4.23,2.7
0.73,Ideal,I,VS2,62.2,54,2335,5.76,5.78,3.59
0.41,Very Good,H,VS1,62.8,59,827,4.73,4.64,2.94
0.77,Premium,G,SI1,60.7,58,2563,5.95,5.98,3.62
0.75,Ideal,G,VVS2,61.3,55,3525,5.85,5.89,3.59
0.79,Ideal,E,VS2,61.8,56,3605,5.91,5.94,3.66
0.91,Good,E,VS2,56.3,64,4823,6.37,6.42,3.6
0.55,Premium,G,SI1,60.7,56,1226,5.38,5.32,3.25
1,Very Good,F,IF,60.1,57,10346,6.45,6.52,3.9
0.5,Ideal,F,SI2,60.5,56,1118,5.17,5.19,3.14
0.51,Ideal,H,IF,60.3,58,1899,5.15,5.17,3.11
0.33,Premium,G,VVS2,61.7,59,965,4.42,4.39,2.72
0.5,Premium,D,SI1,62.6,56,1654,5.05,5.04,3.16
0.35,Premium,F,SI1,60.2,58,748,4.6,4.54,2.75
0.5,Premium,F,VS2,62.4,60,1654,5.08,5.05,3.16
1,Premium,G,VS2,60,59,6451,6.54,6.46,3.9
0.41,Very Good,E,VS1,62.2,58,954,4.74,4.78,2.96
0.73,Ideal,E,VVS2,62,57,3780,5.73,5.79,3.57
0.72,Premium,G,VS2,62.3,57,2550,5.74,5.69,3.56
0.7,Fair,F,VS1,55.9,62,2399,5.94,5.83,3.29
1.47,Premium,F,SI2,59.4,59,8115,7.47,7.42,4.42
1.09,Ideal,G,VS1,62.3,55,7820,6.59,6.63,4.12
0.8,Premium,J,SI1,58.4,59,2016,6.12,6.04,3.55
1.5,Ideal,G,VVS2,61.3,56,17176,7.39,7.43,4.55
1.07,Ideal,G,VS2,62.2,57,6471,6.55,6.53,4.07
1.03,Fair,H,SI2,66.3,57,3749,6.35,6.25,4.18
0.31,Ideal,E,VS1,61.2,55,722,4.4,4.43,2.7
0.39,Ideal,D,VS1,60.3,56,1095,4.71,4.77,2.86
0.3,Very Good,H,SI1,63.4,58,540,4.24,4.21,2.68
0.38,Ideal,F,VS1,60.4,56,915,4.7,4.74,2.85
0.9,Ideal,G,VVS2,61.9,56,5335,6.15,6.22,3.83
0.3,Ideal,F,VVS1,61.9,57,868,4.3,4.33,2.67
0.52,Very Good,G,VVS1,59.2,58,2045,5.28,5.31,3.14
2.22,Ideal,G,SI2,60.9,57,15584,8.47,8.42,5.14
0.82,Premium,J,SI1,62.2,58,2083,5.98,5.94,3.71
0.45,Ideal,G,VVS2,61.8,57,1105,4.9,4.94,3.04
0.3,Premium,E,SI1,61.3,60,526,4.27,4.31,2.63
0.32,Premium,E,SI1,61.2,58,524,4.37,4.42,2.69
0.41,Ideal,E,SI2,61.9,57,683,4.76,4.8,2.96
2.05,Premium,I,SI1,61.2,57,15837,8.24,8.21,5.03
0.3,Ideal,E,VS2,62.1,53.6,652,4.3,4.35,2.69
1.5,Good,E,SI1,61.3,65,10868,7.17,7.23,4.41
0.9,Ideal,H,VS2,62.6,57,4007,6.19,6.15,3.86
1.27,Very Good,H,SI1,62.3,58,7125,6.87,6.94,4.3
1.01,Ideal,G,SI1,61.2,57,5387,6.44,6.5,3.96
0.41,Premium,G,VS2,62.6,59,1061,4.76,4.73,2.97
0.3,Premium,E,VS2,61.6,58,658,4.31,4.33,2.66
0.54,Premium,H,SI1,61,58,1154,5.23,5.27,3.2
0.35,Very Good,G,VVS1,61.2,57,842,4.55,4.58,2.79
1.75,Premium,D,SI2,60.6,60,13363,7.74,7.78,4.7
0.4,Premium,H,SI1,61.9,57,969,4.75,4.71,2.93
0.9,Premium,G,SI1,62.7,59,3841,6.1,6.14,3.84
1.58,Ideal,E,SI1,61.4,55,11294,7.53,7.5,4.61
0.53,Ideal,G,VS1,61.9,55,1695,5.22,5.25,3.24
0.91,Very Good,E,VS1,62.8,60,5057,6.08,6.11,3.83
0.91,Ideal,I,SI2,63,54,2976,6.17,6.12,3.86
0.3,Premium,D,SI2,60.2,60,447,4.32,4.35,2.61
0.54,Ideal,F,VS1,61.5,55,2202,5.26,5.27,3.24
0.32,Very Good,E,SI1,61.6,56,561,4.39,4.41,2.71
0.41,Premium,I,VVS2,62.4,60,827,4.7,4.73,2.94
0.31,Premium,G,VVS2,61.5,58,707,4.31,4.34,2.66
1,Premium,E,VVS1,60.3,54,10134,6.59,6.47,3.94
0.72,Premium,G,SI1,61.3,56,2316,5.79,5.76,3.54
0.54,Ideal,H,VS2,61.9,56,1359,5.24,5.26,3.25
0.7,Good,E,SI2,57.8,61,2239,5.89,5.85,3.39
1.37,Ideal,G,VVS2,62.3,55.5,12207,7.05,7.14,4.43
1.01,Premium,J,SI2,61.8,60,3563,6.41,6.37,3.95
0.56,Good,F,VS1,58.6,62,1712,5.3,5.45,3.16
1.22,Ideal,H,SI2,61.1,57,5807,6.9,5.92,4.22
0.78,Premium,I,SI1,61.9,58,2387,5.93,5.87,3.65
0.31,Ideal,D,SI1,62,55,732,4.38,4.36,2.71
1.11,Ideal,H,SI1,61.6,56,5358,6.65,6.69,4.11
0.42,Ideal,D,VVS2,62.6,56,1326,4.77,4.79,2.99
0.91,Good,G,VS1,63.2,58,4284,6.07,6.15,3.86
1.01,Ideal,H,SI1,62.5,56,5589,6.38,6.45,4.01
0.77,Ideal,E,SI2,61,57,2519,5.91,5.93,3.61
0.54,Ideal,G,VVS1,62.2,56,2236,5.22,5.2,3.24
0.51,Ideal,I,VS2,60.6,57,1060,5.16,5.21,3.14
0.41,Premium,E,SI1,61.1,62,904,4.83,4.76,2.93
1.51,Good,G,VS1,63.1,60,13686,7.24,7.3,4.59
0.4,Ideal,F,VS1,61.4,57,960,4.74,4.77,2.92
0.38,Ideal,F,VS1,61.4,57,929,4.65,4.67,2.86
1.15,Ideal,H,VS2,62.4,56,6788,6.71,6.65,4.17
0.3,Ideal,D,VS2,62.2,55,911,4.33,4.29,2.68
1.01,Good,G,VS1,58.7,62,6247,6.49,6.55,3.83
0.53,Ideal,E,VS2,61.4,56,1813,5.25,5.18,3.2
0.63,Ideal,E,VS1,61.5,56,2503,5.5,5.53,3.39
0.91,Premium,E,SI2,62.8,61,3639,6.09,6.07,3.82
3.01,Fair,H,I1,56.1,62,10761,9.54,9.38,5.31
0.32,Ideal,G,VS1,61.6,56,828,4.42,4.38,2.71
0.7,Premium,G,SI1,61.2,60,2042,5.7,5.74,3.5
1.01,Very Good,I,SI1,63.1,57,4313,6.32,6.36,4
0.36,Premium,H,SI1,61.3,57,665,4.65,4.61,2.84
0.41,Premium,F,VVS1,61.8,59,1356,4.77,4.74,2.94
1.02,Ideal,H,SI1,61.2,56,5257,6.49,6.51,3.98
0.77,Ideal,E,SI2,60.7,55,2834,6.01,5.95,3.63
0.56,Ideal,D,VS2,62.2,56,1963,5.24,5.28,3.27
1.18,Premium,I,SI2,62.9,58,3925,6.77,6.7,4.24
0.7,Ideal,I,VS2,62.4,56,2056,5.71,5.66,3.55
0.31,Premium,F,VS2,62.3,60,802,4.35,4.32,2.7
1.5,Very Good,F,I1,63.2,57,6028,7.29,7.24,4.59
0.55,Very Good,D,SI1,60.7,58,1692,5.24,5.3,3.2
0.41,Ideal,E,VVS2,61.8,57,1187,4.75,4.8,2.95
0.42,Premium,F,VS1,60.9,59,1031,4.8,4.85,2.94
1.02,Ideal,H,VVS2,62.1,56,6797,6.5,6.45,4.02
1.27,Ideal,I,VS1,62.8,57,6396,6.86,6.89,4.32
0.73,Fair,D,VS1,66,54,3047,5.56,5.66,3.7
0.81,Ideal,F,SI1,61.5,57,3422,6.01,6.06,3.71
0.39,Premium,H,VVS1,61.5,56,990,4.73,4.7,2.9
0.31,Premium,G,VS2,61.7,58,544,4.32,4.34,2.67
1.24,Very Good,J,SI2,63.1,60,3791,6.79,6.74,4.27
0.71,Premium,F,SI2,62.3,60,2060,5.67,5.7,3.54
1.5,Premium,F,VS1,62.3,58,15291,7.33,7.28,4.55
1,Premium,F,SI2,62.4,56,3977,6.35,6.31,3.95
1.5,Good,G,VS2,59,58,11294,7.41,7.45,4.38
0.3,Premium,G,VVS2,61.9,59,878,4.28,4.25,2.64
1.63,Very Good,H,VVS1,59.1,58,13211,7.68,7.84,4.59
0.27,Very Good,F,VS1,62.4,55,429,4.12,4.15,2.58
0.38,Ideal,G,VS2,61.5,54.4,768,4.65,4.7,2.88
1.51,Ideal,F,SI1,60.7,59,11302,7.42,7.44,4.51
0.41,Very Good,F,SI2,62.6,54,612,4.75,4.77,2.98
0.79,Ideal,I,VVS2,61.7,56,4092,5.94,5.95,3.67
0.38,Premium,I,VS1,61.3,60,700,4.62,4.65,2.84
0.41,Very Good,G,VS1,62.7,57,899,4.74,4.77,2.98
0.23,Premium,F,VVS2,61.3,59,571,3.99,3.94,2.43
0.39,Premium,G,VS1,62.4,57,1097,4.68,4.62,2.9
1.73,Premium,E,SI1,62.6,58,16253,7.67,7.59,4.78
0.25,Ideal,G,VS1,62.6,53,438,4.01,4.07,2.53
0.54,Premium,G,SI1,60.3,57,1389,5.4,5.24,3.21
0.5,Ideal,E,VS1,62.3,55,1724,5.12,5.09,3.18
1.34,Ideal,H,VS2,60.2,56,7429,7.23,7.18,4.34
0.78,Premium,F,SI1,60.8,60,2826,5.97,5.94,3.62
0.44,Very Good,H,IF,61.1,57,1194,4.91,4.94,3.01
0.65,Ideal,J,SI1,62.1,54,1214,5.56,5.59,3.46
0.72,Ideal,G,SI2,62.1,55.3,2089,5.72,5.74,3.56
1.11,Very Good,H,SI2,63.2,58,4973,6.64,6.53,4.16
0.56,Premium,G,VS1,59.9,60,2013,5.41,5.37,3.23
1,Good,H,SI1,64.9,56,4276,6.24,6.31,4.07
0.73,Ideal,I,VVS2,62.3,55,2519,5.77,5.76,3.59
0.5,Fair,E,VS2,65,58,1188,4.96,4.92,3.21
1.04,Very Good,G,VS2,63.4,55,6232,6.48,6.42,4.09
0.32,Ideal,D,SI1,59.6,57,756,4.47,4.42,2.65
1.5,Very Good,F,SI1,63,55,10372,7.27,7.31,4.59
1.15,Very Good,H,SI2,61.4,58,4418,6.7,6.75,4.13
0.31,Ideal,F,VS2,61.9,57,749,4.34,4.32,2.68
1.21,Very Good,H,SI1,62.8,56,6022,6.8,6.83,4.28
0.71,Ideal,H,VS2,62.2,56,2622,5.68,5.74,3.55
1.79,Premium,G,VS2,61.2,58,17358,7.9,7.82,4.81
0.81,Ideal,G,VS2,61.5,55,3397,6,6.06,3.71
0.25,Ideal,F,SI1,60.1,56,430,4.11,4.13,2.48
0.52,Premium,G,VS1,61.7,56,1815,5.21,5.17,3.2
0.5,Good,D,SI1,61.1,64,1374,5.05,5.07,3.09
1.21,Premium,I,SI1,62,56,5285,6.89,6.83,4.25
0.32,Ideal,G,IF,61.3,56,905,4.4,4.44,2.71
0.32,Premium,G,VS2,59.8,59,561,4.48,4.52,2.69
1.37,Very Good,G,SI2,62.4,58,6148,7,7.1,4.4
0.4,Ideal,I,IF,62.2,56,1050,4.75,4.71,2.94
0.71,Very Good,G,SI2,62.4,59,2171,5.68,5.7,3.55
0.7,Fair,G,I1,65.2,58,956,5.57,5.49,3.61
0.6,Very Good,J,VS1,62.6,56,1378,5.37,5.41,3.37
1.05,Very Good,H,SI1,63.2,56,5027,6.51,6.47,4.1
0.25,Ideal,G,VS1,62.3,53,460,4.02,4.07,2.52
0.71,Ideal,H,SI2,62.6,56,2376,5.65,5.75,3.57
0.7,Premium,G,VS1,62.6,60,2535,5.66,5.58,3.52
1.57,Premium,H,VS1,62.8,60,11711,7.44,7.36,4.65
0.54,Premium,F,SI1,62.3,58,1693,5.26,5.2,3.26
1.2,Good,I,SI1,65,59,5040,6.51,6.57,4.25
0.9,Ideal,G,SI1,61.6,57,4001,6.17,6.24,3.82
0.57,Ideal,E,SI2,62.1,55,1244,5.34,5.36,3.32
2.38,Very Good,J,VS2,62.6,59,16126,8.49,8.52,5.32
0.9,Very Good,F,SI2,63.4,60,3465,6.06,6.09,3.85
0.38,Ideal,G,VVS1,61.9,56,993,4.67,4.7,2.9
1.62,Premium,D,SI2,61.2,61,9199,7.6,7.53,4.63
0.56,Premium,J,SI1,60.3,59,1050,5.34,5.3,3.21
1.53,Premium,F,SI2,62.7,60,9424,7.28,7.34,4.58
0.71,Ideal,F,VVS1,61.8,56,3880,5.72,5.74,3.54
0.3,Very Good,E,VVS1,60.5,57,862,4.37,4.39,2.65
0.34,Very Good,E,SI2,63.1,56,571,4.51,4.46,2.83
1.03,Ideal,F,VVS2,62,56,9413,6.48,6.45,4.01
0.9,Good,G,SI1,65,57,3615,5.96,6.01,3.89
0.3,Good,H,VS1,63.9,55,526,4.26,4.28,2.73
0.3,Premium,J,VS2,60.6,59,473,4.38,4.34,2.64
1.17,Ideal,G,VS2,62.2,57,6321,6.75,6.72,4.19
0.32,Ideal,E,VS1,61.8,56,825,4.4,4.43,2.73
1.16,Premium,H,I1,61.7,62,2368,6.68,6.64,4.11
0.72,Ideal,F,VS2,59.5,57,2863,5.91,5.86,3.5
0.31,Ideal,E,VS2,61.7,55,680,4.36,4.39,2.7
0.33,Very Good,F,VS2,63.2,56,854,4.41,4.39,2.78
0.24,Very Good,F,VS2,61.3,54,461,4.02,4.07,2.47
0.71,Ideal,G,SI1,61.7,56,2518,5.74,5.77,3.55
0.61,Ideal,G,VS1,60.9,57,2167,5.46,5.5,3.34
0.72,Very Good,I,SI2,63.2,62,1814,5.71,5.67,3.59
1.55,Ideal,H,SI1,62.4,58,10960,7.38,7.4,4.61
0.3,Premium,H,VVS1,61.3,58,593,4.3,4.32,2.64
0.7,Premium,E,VS1,62.6,59,2837,5.69,5.66,3.55
0.72,Very Good,I,VS1,63.5,57,2369,5.66,5.68,3.6
1.45,Fair,J,SI2,58.6,68,4570,7.45,7.33,4.34
0.33,Ideal,F,VS2,61.1,56,804,4.47,4.5,2.74
1.11,Ideal,E,SI2,61.4,58,5938,6.63,6.66,4.08
0.31,Very Good,G,VS1,58.2,61,583,4.42,4.45,2.58
0.7,Ideal,G,VS2,61.8,57,2929,5.68,5.71,3.52
1.23,Very Good,F,VVS2,62.2,58,11382,6.81,6.86,4.25
1.06,Ideal,H,SI1,61.7,56,5188,6.58,6.55,4.05
0.3,Premium,G,SI1,62.7,58,574,4.27,4.22,2.66
1.07,Premium,D,SI1,63,57,6124,6.57,6.47,4.11
0.3,Very Good,G,VVS2,62.3,59,684,4.25,4.29,2.66
0.41,Ideal,J,VS1,62.1,56,830,4.79,4.75,2.96
0.3,Premium,G,SI1,61,57,574,4.34,4.31,2.64
2,Good,F,SI1,63,64,17869,7.67,7.76,4.86
0.38,Very Good,F,SI2,60.1,60,644,4.7,4.75,2.84
1,Premium,I,VS1,60.3,62,3763,6.46,6.41,3.88
0.3,Very Good,G,SI1,63.2,55,536,4.29,4.26,2.7
0.5,Ideal,G,SI1,62.1,57,1153,5.05,5.09,3.15
1.15,Good,F,SI2,63.8,57,4437,6.65,6.6,4.23
0.36,Premium,H,VS1,61.6,59,810,4.57,4.52,2.8
1.06,Premium,E,VS1,59.1,58,6669,6.66,6.71,3.95
1,Premium,D,SI1,62.3,60,4469,6.23,6.19,3.87
0.52,Ideal,D,VS1,60.9,56,1991,5.19,5.22,3.17
1.04,Ideal,J,SI1,62,53,4469,6.51,6.55,4.05
1.01,Very Good,G,VVS2,63,59,6843,6.34,6.41,4.01
1.59,Very Good,H,VVS2,63,58,12297,7.43,7.48,4.7
1.07,Ideal,F,SI1,61.5,56,7286,6.58,6.62,4.06
1.2,Very Good,I,VS2,62.5,59,5724,6.73,6.77,4.22
0.4,Ideal,D,VS2,62.1,53,890,4.77,4.8,2.97
0.43,Premium,D,VS2,60.7,58,1129,4.88,4.84,2.95
1.09,Very Good,E,SI2,60.9,59,5035,6.61,6.75,4.07
1.01,Very Good,J,SI1,63,54,4194,6.35,6.41,4.02
0.5,Very Good,D,SI1,58.9,61,1436,5.16,5.19,3.05
1.23,Premium,F,SI2,61.7,57,5695,6.89,6.86,4.24
0.34,Very Good,F,SI2,63,58,447,4.45,4.47,2.81
0.34,Ideal,E,VVS1,62.2,56,1084,4.46,4.44,2.77
0.43,Very Good,E,VS2,62.2,58,869,4.81,4.87,3.01
0.91,Ideal,E,SI1,61,58,4132,6.23,6.29,3.82
1.04,Very Good,G,VS2,62.3,54,6095,6.49,6.55,4.06
1.5,Premium,H,SI1,62.7,58,9768,7.27,7.34,4.58
0.27,Ideal,D,VVS2,62.3,57,799,4.15,4.13,2.58
0.24,Very Good,G,VS1,62.4,56,391,3.99,4.03,2.5
0.33,Ideal,H,VVS1,62.1,55,965,4.44,4.42,2.75
0.73,Premium,I,VS1,60.3,58,2393,5.87,5.83,3.53
1.12,Ideal,H,SI1,62,57,5363,6.69,6.64,4.13
1.51,Ideal,G,VS1,61.6,56,14674,7.37,7.34,4.53
0.34,Ideal,F,VS1,60.9,57,723,4.53,4.56,2.77
0.5,Very Good,D,SI1,62.5,58,1231,5.06,4.98,3.14
1,Very Good,D,SI2,63.4,58,3304,6.33,6.3,4.01
0.77,Very Good,F,VS1,62.8,58,3350,5.79,5.86,3.66
0.5,Ideal,E,SI2,60.7,56,1359,5.16,5.19,3.14
1.01,Premium,F,VVS2,62,58,8532,6.36,6.45,3.97
1.2,Ideal,G,VS2,62.8,57,7243,6.78,6.72,4.24
1,Ideal,E,SI1,62.6,56,4480,6.37,6.29,3.96
1.16,Ideal,E,SI2,62.7,56,5093,6.73,6.69,4.21
1.11,Ideal,G,SI2,61.7,57,5395,6.69,6.65,4.12
0.54,Good,G,VS2,56.9,62,1637,5.42,5.4,3.08
1.29,Ideal,G,SI1,60.9,59,7463,6.99,7.04,4.27
0.33,Ideal,D,SI2,62.4,57,492,4.39,4.42,2.75
0.7,Ideal,H,SI2,61.8,57,2298,5.67,5.72,3.52
1.28,Very Good,H,VS1,61.2,55,8645,6.98,7.04,4.29
0.64,Very Good,H,VVS2,60,59,2060,5.59,5.65,3.37
0.7,Premium,H,VVS2,62.1,58,2513,5.66,5.71,3.53
0.97,Good,J,VS2,64.3,58,3129,6.25,6.22,4.01
0.92,Premium,D,SI2,62.4,58,4168,6.18,6.19,3.86
1.01,Very Good,H,SI1,63.3,56,4669,6.35,6.39,4.03
1.03,Premium,H,SI1,60.7,60,4384,6.61,6.53,3.99
1.5,Ideal,F,VS2,60.4,57,14071,7.41,7.43,4.48
0.23,Good,E,VVS2,61.9,60,465,3.95,4.03,2.47
1.25,Premium,D,SI1,62.4,58,7924,6.89,6.83,4.28
0.71,Very Good,H,IF,60.2,61,3444,5.76,5.8,3.48
0.59,Premium,E,SI1,58.7,57,1550,5.53,5.47,3.23
0.31,Ideal,F,SI1,62,54,628,4.36,4.38,2.71
0.51,Premium,F,VVS2,61.2,59,1882,5.19,5.1,3.15
0.3,Ideal,G,IF,62.6,54,826,4.3,4.33,2.7
1.03,Ideal,G,VS2,61.1,57,7726,6.51,6.54,3.99
0.39,Ideal,G,IF,61.6,56,1201,4.69,4.73,2.9
0.33,Ideal,E,VS2,62.3,56,723,4.46,4.47,2.78
0.25,Premium,E,VVS2,62.5,59,576,4.02,4.04,2.52
1,Premium,F,VS2,59,59,7072,6.54,6.51,3.85
1.03,Ideal,F,VS2,60.2,54,7550,6.64,6.61,3.99
1.53,Very Good,E,VS1,60.7,60,14931,7.38,7.52,4.52
0.91,Premium,E,SI2,60,60,3379,6.28,6.23,3.75
0.57,Ideal,G,VVS1,60.9,56,2612,5.37,5.41,3.28
0.3,Premium,D,SI1,62.6,56,709,4.29,4.24,2.67
0.32,Ideal,F,VVS1,61.3,55,854,4.42,4.45,2.72
0.73,Premium,E,VS2,62,60,2902,5.76,5.73,3.56
1.25,Very Good,H,VS2,63.3,57,7525,6.87,6.82,4.33
0.54,Premium,E,VS2,59.2,58,1847,5.35,5.32,3.16
0.73,Premium,I,VS1,60.3,58,2371,5.83,5.87,3.53
1.02,Premium,G,VS2,62.6,59,5978,6.39,6.43,4.01
1.05,Ideal,F,VS1,62.3,55,8100,6.53,6.5,4.06
1.28,Premium,I,SI1,60,60,6164,7.08,6.99,4.22
1.26,Ideal,H,VS1,61,57,8959,6.97,7.03,4.27
1.02,Very Good,G,SI2,62.9,59,4291,6.38,6.4,4.02
0.44,Premium,E,SI1,62.9,58,1040,4.88,4.85,3.06
1.01,Premium,E,SI1,59.5,60,5301,6.54,6.46,3.87
1.01,Ideal,H,VS1,61.5,56,4779,6.48,6.43,3.97
0.76,Premium,E,SI2,60,59,2399,5.94,5.9,3.55
0.3,Ideal,G,IF,61,56,844,4.34,4.37,2.65
1.64,Ideal,I,VS1,62.1,55,12089,7.57,7.59,4.71
0.4,Ideal,H,SI1,61.7,56,770,4.72,4.77,2.93
0.32,Ideal,F,VS2,61.9,56,645,4.41,4.44,2.74
0.51,Very Good,E,VS1,61,59,1717,5.13,5.17,3.14
1.01,Premium,G,VVS2,60.9,59,6843,6.54,6.59,4
0.53,Ideal,G,VVS2,61,56,1946,5.21,5.25,3.19
0.41,Ideal,J,IF,62.1,54,777,4.78,4.81,2.98
1.21,Premium,H,VS1,62.3,58,7094,6.77,6.84,4.24
2.07,Ideal,G,SI2,62.2,54,17614,8.16,8.21,5.09
0.73,Ideal,H,VS2,62.7,55,2793,5.72,5.76,3.6
1.09,Ideal,F,SI2,61.6,54,3882,6.69,6.62,4.1
2.04,Premium,H,SI1,63,58,18115,8.1,8.03,5.08
1.34,Premium,D,SI2,60.3,59,5756,7.16,7.11,4.3
0.9,Premium,E,SI1,60.8,59,4385,6.24,6.19,3.78
0.44,Premium,G,SI1,61,60,990,4.93,4.88,2.99
0.3,Very Good,I,VS1,61.8,63,567,4.29,4.26,2.64
0.9,Very Good,F,SI1,63.1,56,4103,6.17,6.12,3.88
0.7,Very Good,F,VS2,61.1,62,2250,5.64,5.69,3.46
0.39,Good,I,VS1,63.1,58,737,4.68,4.61,2.93
1.52,Ideal,H,SI2,62,60,8620,7.31,7.37,4.55
1.15,Ideal,I,SI1,62.3,57,4925,6.74,6.67,4.18
1.1,Very Good,E,SI1,61.3,58,4791,6.64,6.71,4.09
1.2,Ideal,E,SI2,61.1,55,5494,6.9,6.87,4.21
0.3,Premium,I,VVS1,62.5,60,709,4.27,4.24,2.66
0.3,Very Good,F,SI2,63.3,55,506,4.33,4.29,2.73
0.35,Ideal,F,VS2,62.3,55,906,4.56,4.53,2.83
0.76,Ideal,E,SI1,61.3,55,3584,5.87,5.91,3.61
0.41,Premium,G,VS2,60.8,59,1061,4.8,4.78,2.91
0.31,Premium,G,VS2,61.5,60,698,4.34,4.31,2.66
1.02,Good,D,SI2,61.5,61,4318,6.34,6.41,3.92
0.35,Ideal,I,VS2,61.7,57,630,4.56,4.52,2.8
1.01,Good,F,SI1,63.6,58,4989,6.37,6.31,4.03
0.91,Very Good,G,SI2,63.3,57,3282,6.12,6.08,3.86
1.01,Good,F,SI1,63.6,58,4899,6.31,6.37,4.03
0.71,Premium,G,SI1,61.2,61,2386,5.71,5.66,3.48
0.9,Very Good,I,SI2,61.5,57,3503,6.16,6.19,3.8
0.54,Ideal,I,VS2,60.1,58,1266,5.28,5.34,3.19
0.3,Premium,G,VS2,62.2,60,675,4.25,4.24,2.64
0.73,Premium,J,VS1,61.3,61,2037,5.83,5.78,3.56
0.42,Ideal,G,VS2,61.6,56,1087,4.83,4.82,2.97
0.53,Ideal,E,VS2,62,56,1739,5.16,5.2,3.21
1.1,Very Good,G,VS2,61.9,57,6369,6.59,6.65,4.1
0.3,Very Good,E,SI1,60.6,56,526,4.35,4.37,2.64
1,Very Good,F,SI1,63.8,56,5030,6.25,6.29,4
1,Good,E,SI2,64.3,58,3450,6.18,6.11,3.95
1.35,Ideal,J,VS2,61.8,54,6754,7.1,7.14,4.4
1.03,Ideal,F,SI1,61.3,57,6044,6.47,6.53,3.98
0.56,Premium,G,VS1,60.5,59,1915,5.31,5.26,3.2
0.51,Ideal,E,SI2,62.7,53,1265,5.12,5.09,3.2
1.03,Ideal,H,SI2,60.8,56,3634,6.56,6.47,3.96
0.5,Premium,D,VS2,61.2,60,1752,5.08,5.12,3.12
0.72,Premium,D,SI1,62.7,59,2757,5.69,5.73,3.58
0.36,Ideal,D,VS2,62.5,55,773,4.55,4.57,2.85
2.11,Ideal,I,SI1,62,55,15282,8.23,8.18,5.09
1.09,Very Good,G,VS2,60.9,56,6388,6.67,6.7,4.07
0.3,Good,H,SI1,63.9,55,421,4.24,4.27,2.72
1.52,Premium,G,VVS1,60.4,59,15959,7.38,7.48,4.49
0.3,Premium,F,SI2,61.3,58,394,4.28,4.33,2.64
1.01,Good,D,SI1,65.1,57,5544,6.3,6.32,4.11
0.32,Premium,G,VS1,61.4,58,828,4.4,4.36,2.69
1.17,Fair,I,I1,65.4,62,2935,6.68,6.57,4.33
0.56,Very Good,F,SI1,60,57,1679,5.41,5.38,3.24
2.53,Premium,J,SI2,62.6,57,16934,8.77,8.67,5.46
0.74,Very Good,H,VS2,59.9,57,2463,5.87,5.91,3.53
0.51,Premium,G,VS2,62.3,59,1546,5.1,5.07,3.17
0.35,Good,E,SI2,63.9,55,491,4.48,4.5,2.87
0.72,Premium,I,SI1,60.6,57,1799,5.88,5.73,3.52
1.5,Premium,G,VS2,62.5,59,12308,7.32,7.28,4.56
1,Premium,F,SI1,62.6,60,5197,6.3,6.32,3.95
0.41,Very Good,D,SI1,60.3,63,920,4.8,4.78,2.89
1.02,Ideal,E,VVS1,61.4,57,11028,6.39,6.47,3.95
0.6,Ideal,E,SI1,61.3,56,1890,5.49,5.44,3.35
0.3,Ideal,F,SI1,62.7,54,470,4.29,4.32,2.7
0.7,Very Good,E,VS2,61.4,57,2553,5.7,5.73,3.51
0.42,Very Good,D,VS2,60.7,60,910,4.79,4.83,2.92
0.58,Very Good,F,SI1,62.6,57,1373,5.24,5.36,3.32
1.2,Premium,J,SI2,59.6,62,3951,6.95,6.9,4.13
0.76,Very Good,I,VS2,63.3,57,2551,5.79,5.83,3.68
0.31,Ideal,F,VS2,61.9,55,757,4.37,4.39,2.71
0.41,Premium,D,VS1,59.3,58,1286,4.87,4.85,2.88
0.84,Very Good,D,VS1,60.6,57,4443,6.06,6.15,3.7
1.19,Ideal,H,SI1,62,56.4,6275,6.77,6.81,4.2
1.01,Premium,G,VVS2,60.9,59,6968,6.59,6.54,4
1.27,Premium,H,SI2,59.3,61,2845,7.12,7.05,4.2
0.53,Good,J,VS2,63.8,57,1122,5.12,5.1,3.26
1.51,Good,G,VS2,63.7,57,9741,7.21,7.18,4.58
0.32,Ideal,G,IF,61.3,54,918,4.41,4.47,2.72
2.01,Ideal,I,SI1,64.8,62,16287,7.92,7.82,5.1
1.51,Ideal,F,SI2,62.6,55,9301,7.35,7.39,4.61
0.55,Good,E,VS2,60.3,61,1715,5.31,5.37,3.22
1.04,Ideal,G,VS1,61.1,56,6632,6.58,6.55,4.01
0.31,Ideal,D,VS2,62.6,56,734,4.33,4.36,2.72
0.33,Ideal,F,VS2,61.2,54,666,4.47,4.49,2.74
0.73,Very Good,E,VS1,63,60,3607,5.68,5.72,3.59
0.33,Ideal,E,VS2,61.9,56,723,4.43,4.46,2.75
0.62,Ideal,I,SI2,62.5,55,1161,5.45,5.49,3.42
1.03,Premium,D,VVS2,61.7,59,8469,6.43,6.48,3.98
0.32,Premium,H,VVS1,61.5,59,730,4.37,4.41,2.7
0.4,Premium,D,SI1,61.1,58,990,4.75,4.74,2.9
0.41,Ideal,H,SI1,61.2,57,876,4.78,4.76,2.92
1.12,Very Good,G,VVS1,58.9,60,8072,6.78,6.91,4.03
0.7,Good,I,VS2,63.6,58,2117,5.59,5.57,3.55
1.01,Very Good,I,SI2,62.2,59,5000,6.36,6.41,3.97
0.95,Ideal,H,SI2,59.3,59,3994,6.42,6.46,3.82
0.37,Very Good,H,VVS2,62.2,59,746,4.54,4.56,2.83
1.66,Premium,I,SI2,60,59,5310,7.63,7.56,4.56
0.7,Premium,D,VS1,61.2,60,3425,5.69,5.71,3.49
0.35,Ideal,D,VS1,61.2,56,1035,4.54,4.58,2.79
0.94,Premium,E,SI2,60.4,59,3758,6.37,6.34,3.84
0.37,Very Good,G,VS1,63.1,56,957,4.59,4.57,2.89
0.72,Ideal,J,SI1,62.3,55,2154,5.73,5.76,3.58
2.01,Good,D,SI2,59.9,65,16776,8.07,8,4.81
0.9,Very Good,H,SI2,59.5,63,3160,6.26,6.31,3.74
0.29,Ideal,G,VVS2,61.3,56,600,4.23,4.25,2.6
0.54,Premium,E,VS1,60.3,58,2041,5.32,5.26,3.19
0.3,Good,H,SI1,63.1,56,432,4.27,4.29,2.7
1.51,Very Good,I,SI2,63.5,60,7441,7.28,7.21,4.6
1.51,Premium,G,VS1,63,59,12085,7.24,7.19,4.55
0.58,Ideal,F,SI1,62.2,57,1705,5.37,5.33,3.33
0.33,Premium,I,VS2,60.6,58,594,4.47,4.44,2.7
0.32,Premium,G,VS1,62.5,60,828,4.35,4.29,2.7
0.72,Premium,E,VS2,60.4,59,2626,5.74,5.78,3.48
0.38,Ideal,F,SI1,61.1,57,660,4.7,4.72,2.88
0.54,Ideal,F,VS2,62.3,56,1662,5.17,5.2,3.23
1.66,Very Good,G,SI2,58.5,62,9123,7.73,7.79,4.54
2,Very Good,I,SI1,58.5,58,15249,8.24,8.28,4.83
0.41,Ideal,G,VS1,61.5,56,899,4.77,4.79,2.94
1.2,Very Good,I,SI1,63.2,58,5257,6.71,6.75,4.25
1.13,Ideal,I,VS2,62.2,55,5165,6.69,6.67,4.15
1.04,Ideal,G,VVS1,62.8,56,7738,6.49,6.45,4.06
1.65,Ideal,G,VS2,60.8,56,14456,7.65,7.7,4.67
0.44,Premium,H,VVS1,60.1,58,1119,4.92,4.96,2.97
1,Ideal,F,SI2,62.4,57,5798,6.37,6.42,3.99
1.6,Premium,F,SI2,61.8,57,6899,7.51,7.46,4.63
1,Very Good,F,SI2,62.2,55,4383,6.39,6.44,3.99
0.42,Very Good,G,SI1,62.9,54,737,4.79,4.81,3.02
0.58,Good,E,SI1,59.3,64,1287,5.48,5.42,3.23
0.32,Ideal,G,VS1,62.3,55,645,4.37,4.4,2.73
2,Very Good,I,SI1,63.6,57,14057,7.9,7.99,5.05
1.29,Ideal,I,SI2,61.9,57,6097,6.99,7.04,4.34
1.74,Premium,I,VS1,62.5,57,13037,7.71,7.67,4.81
0.76,Ideal,I,VS2,61.8,58,2551,5.84,5.87,3.62
0.34,Ideal,G,VVS1,62.1,57,895,4.45,4.47,2.77
0.44,Premium,I,VVS2,61.5,57,1063,4.92,4.87,3.01
1.1,Good,D,SI2,57,62,4361,6.91,6.84,3.92
0.32,Ideal,D,VVS1,61.5,57,1140,4.45,4.43,2.73
0.5,Ideal,J,VS2,61.7,57,875,5.09,5.12,3.15
1,Fair,E,SI1,57.4,62,5212,6.54,6.59,3.77
1.5,Very Good,E,SI2,60.7,55,9900,7.39,7.44,4.5
0.3,Premium,H,VVS1,62.7,59,878,4.32,4.29,2.7
0.56,Ideal,G,IF,61.4,57,2442,5.29,5.32,3.26
1.08,Ideal,H,SI2,61.8,55,4491,6.57,6.6,4.07
1.14,Very Good,D,VS2,58.7,60,7928,6.82,6.88,4.02
2.03,Premium,J,SI2,62.7,59,12268,8.02,8.08,5.05
0.41,Ideal,G,VVS2,62.5,55,1076,4.76,4.75,2.97
0.3,Premium,J,VS1,62.6,58,506,4.32,4.27,2.69
0.9,Fair,H,VS2,65.5,57,3226,6.05,6.01,3.95
1.52,Ideal,G,VVS1,61.4,57,16492,7.4,7.38,4.54
0.42,Very Good,F,VS1,59.8,57,921,4.85,4.89,2.91
0.56,Ideal,G,VS2,61,57,1580,5.32,5.34,3.25
1,Ideal,I,SI2,58.8,55,3629,6.53,6.46,3.82
1.56,Ideal,F,VS1,61.7,56,17455,7.48,7.46,4.61
0.35,Ideal,E,VS2,61.6,56,984,4.54,4.52,2.79
1.23,Ideal,H,VS2,62.8,56,7900,6.76,6.84,4.27
1.5,Very Good,E,VS2,62.1,60,14639,7.27,7.32,4.53
0.39,Very Good,G,VVS2,63.4,57,956,4.65,4.62,2.94
0.43,Ideal,F,VS1,61.4,56,1235,4.87,4.9,3
0.92,Premium,E,SI2,61.7,59,3941,6.27,6.18,3.84
